5.057164322107266408e+00,4.267612457275390625e+00
3.346519140860973351e+00,2.475134134292602539e+00
1.848155895295815698e+00,1.340866923332214355e+00
1.055061733111356981e+00,8.248773217201232910e-01
6.840916496629898536e-01,5.708706378936767578e-01
4.987384403745333539e-01,4.350377917289733887e-01
3.860265554812474242e-01,3.392476141452789307e-01
2.973396314355807313e-01,2.574415504932403564e-01
2.216004572617701895e-01,1.877422332763671875e-01
1.556082728486030409e-01,1.254842281341552734e-01
1.008135271855653825e-01,8.010746538639068604e-02
6.542896853091242915e-02,5.358627066016197205e-02
4.527763481466816342e-02,3.857663273811340332e-02
3.340356241768369094e-02,2.916732430458068848e-02
2.565053735788051792e-02,2.278424054384231567e-02
2.028347775399780284e-02,1.827049814164638519e-02
1.643840524738129222e-02,1.498004794120788574e-02
1.359690200441922812e-02,1.250375621020793915e-02
1.142779339809352722e-02,1.057682372629642487e-02
9.712491474018838250e-03,9.025220759212970734e-03
8.315264842866990774e-03,7.747450843453407288e-03
7.156423612449986857e-03,6.680807098746299744e-03
6.183938960580585495e-03,5.782322958111763000e-03
5.362153341336987900e-03,5.021645687520503998e-03
4.664532705926551469e-03,4.374747164547443390e-03
4.070163621620919575e-03,3.822905942797660828e-03
3.562099678674712777e-03,3.351212479174137115e-03
3.126888467261615661e-03,2.947240136563777924e-03
2.753710346624780453e-03,2.601238433271646500e-03
2.433175852414793793e-03,2.303838031366467476e-03
2.157344127623125451e-03,2.048264956101775169e-03
1.919736596158681677e-03,1.827821717597544193e-03
1.714963753609201639e-03,1.637691399082541466e-03
1.538402482252329128e-03,1.472235540859401226e-03
1.386031191661739022e-03,1.326724304817616940e-03
1.253877221293245910e-03,1.199413673020899296e-03
1.138764854262356175e-03,1.092762919142842293e-03
1.038358907979459273e-03,9.998513851314783096e-04
9.500344374548428490e-04,9.151063859462738037e-04
8.713577497893801186e-04,8.385428227484226227e-04
8.007637262404060461e-04,7.705347379669547081e-04
7.369593498505986077e-04,7.097077323123812675e-04
6.789832524447821744e-04,6.549605750478804111e-04
6.261844901018776000e-04,6.056579877622425556e-04
5.782192001322236609e-04,5.621333839371800423e-04
5.351571848083180351e-04,5.211789393797516823e-04
4.967900299211927941e-04,4.849659453611820936e-04
4.622825455533949432e-04,4.530028672888875008e-04
4.311201593783409343e-04,4.235374508425593376e-04
4.028466937597841024e-04,3.952888655476272106e-04
3.771122704701832277e-04,3.690003941301256418e-04
3.536216301234582212e-04,3.455142723396420479e-04
3.321360313864902690e-04,3.248307621106505394e-04
3.124418298494464831e-04,3.060610033571720123e-04
2.944071333891210398e-04,2.887184382416307926e-04
2.778706915798978896e-04,2.724744845181703568e-04
2.625922019759831618e-04,2.574456448201090097e-04
2.484330680789963229e-04,2.447742444928735495e-04
2.356598196433295957e-04,2.340031496714800596e-04
2.241018037005769437e-04,2.224911586381494999e-04
2.133444532097573975e-04,2.118103584507480264e-04
2.034320016089343126e-04,2.019754610955715179e-04
1.943354635351659957e-04,1.929328136611729860e-04
1.859710573159808989e-04,1.846272789407521486e-04
1.782390216435604372e-04,1.769731752574443817e-04
1.710812791246168498e-04,1.698831620160490274e-04
1.644269873978396938e-04,1.632611383683979511e-04
1.582359589706473627e-04,1.570936583448201418e-04
1.524627078675294765e-04,1.513300958322361112e-04
1.470381709786567671e-04,1.457763282814994454e-04
1.419353323935632646e-04,1.404255162924528122e-04
1.371167613447491602e-04,1.352793915430083871e-04
1.325021306538241037e-04,1.305670157307758927e-04
1.281657970629077178e-04,1.264207967324182391e-04
1.241773782170733020e-04,1.225193700520321727e-04
1.202562544000475319e-04,1.187844900414347649e-04
1.166475465372339096e-04,1.152023469330742955e-04
1.131627259149890741e-04,1.117826759582385421e-04
1.098864535005981020e-04,1.085097464965656400e-04
1.067439776213573936e-04,1.053894884535111487e-04
1.037460848144688356e-04,1.024029770633205771e-04
1.008801261541054554e-04,9.955641871783882380e-05
9.815406172446017416e-05,9.689976286608725786e-05
9.555995865621998359e-05,9.439363930141553283e-05
9.308895525277759576e-05,9.205109381582587957e-05
9.073807082015078029e-05,8.984383748611435294e-05
8.848560800964687910e-05,8.778854680713266134e-05
8.633273398281277381e-05,8.587783668190240860e-05
8.424835591424012071e-05,8.410752343479543924e-05
8.225241337920754419e-05,8.250786049757152796e-05
8.038991468194394818e-05,8.091545896604657173e-05
7.861868438433307121e-05,7.927569095045328140e-05
7.690893042495306885e-05,7.765031477902084589e-05
7.526686982974075389e-05,7.613043271703645587e-05
7.370227094491920393e-05,7.466102397302165627e-05
7.220764988839316323e-05,7.322254532482475042e-05
7.076889881155251302e-05,7.183326670201495290e-05
6.938811056664772291e-05,7.053012086544185877e-05
6.806795503367678627e-05,6.927091453690081835e-05
6.679365790263639075e-05,6.803419091738760471e-05
6.556205747843845181e-05,6.685260450467467308e-05
6.438459899399253479e-05,6.571824633283540606e-05
6.325255251282121743e-05,6.461323937401175499e-05
6.215863525610005301e-05,6.356465019052848220e-05
6.110573274735287095e-05,6.254780601011589170e-05
6.009094207771480448e-05,6.155875598778948188e-05
5.910854068320193632e-05,6.058099461370147765e-05
5.815815019069794657e-05,5.964889714960008860e-05
5.723827703499969368e-05,5.874290218343958259e-05
5.634932391237667610e-05,5.784949462395161390e-05
5.548715054642227174e-05,5.699798930436372757e-05
5.465037719869332772e-05,5.617120768874883652e-05
5.384038230169188322e-05,5.536327807931229472e-05
5.305424984050123740e-05,5.457682709675282240e-05
5.229166640091511360e-05,5.380940638133324683e-05
5.155013294801719152e-05,5.304935621097683907e-05
5.082395940310865246e-05,5.230757233221083879e-05
5.012400039889213811e-05,5.159111969987861812e-05
4.943979729432612658e-05,5.088218313176184893e-05
4.877238607383706394e-05,5.018471711082383990e-05
4.812168253920390271e-05,4.951135269948281348e-05
4.748834756658956013e-05,4.885106318397447467e-05
4.686712933713958062e-05,4.817647641175426543e-05
4.625989727057272082e-05,4.753163739223964512e-05
4.566647546128548864e-05,4.686226020567119122e-05
4.508261675558363624e-05,4.619378887582570314e-05
4.451020736385730581e-05,4.552369500743225217e-05
4.394014775663470941e-05,4.481687210500240326e-05
4.336318115514213432e-05,4.406176594784483314e-05
4.276363955422987807e-05,4.324915062170475721e-05
4.219004098652079853e-05,4.244844603817909956e-05
4.165917451432622342e-05,4.169333260506391525e-05
4.116409832605336854e-05,4.104390973225235939e-05
4.066682353928067448e-05,4.045291643706150353e-05
4.017416057859708939e-05,3.989562173956073821e-05
3.968350694823386562e-05,3.935725544579327106e-05
3.920052923161002382e-05,3.883926183334551752e-05
3.872050880697012343e-05,3.833809751085937023e-05
3.824870411615567738e-05,3.785916487686336040e-05
3.778877470932247502e-05,3.741772525245323777e-05
3.733930578584057370e-05,3.702344838529825211e-05
3.689417287834938160e-05,3.676505002658814192e-05
3.646120467237778939e-05,3.660160655272193253e-05
3.606313080476516200e-05,3.624283272074535489e-05
3.565270543941341725e-05,3.586668390198610723e-05
3.524472008510387989e-05,3.548624954419210553e-05
3.484653934020361316e-05,3.508696681819856167e-05
3.445427749937106268e-05,3.468308932497166097e-05
3.407128047701217315e-05,3.427519550314173102e-05
3.369461118241955425e-05,3.387672404642216861e-05
3.332471137932420982e-05,3.346397352288477123e-05
3.295412954265395088e-05,3.302212644484825432e-05
3.256021100475127596e-05,3.244465187890455127e-05
3.212600003257065677e-05,3.191446376149542630e-05
3.185777495090382579e-05,3.153902798658236861e-05
3.151201195368439972e-05,3.118006861768662930e-05
3.116897003635061257e-05,3.083208139287307858e-05
3.083787841882067014e-05,3.049189763260073960e-05
3.051170549439027662e-05,3.015444599441252649e-05
3.019056873362830810e-05,2.981258148793131113e-05
2.987777147959254956e-05,2.948478868347592652e-05
2.956991456579625819e-05,2.916427183663472533e-05
2.926674277403388982e-05,2.884961941163055599e-05
2.896921114953352665e-05,2.852849502232857049e-05
2.867711449046813149e-05,2.822637179633602500e-05
2.838735358286962571e-05,2.792313898680731654e-05
2.810410856349895050e-05,2.762840995274018496e-05
2.782958635040044091e-05,2.733724249992519617e-05
2.755842923271792101e-05,2.705955375859048218e-05
2.728836830101499800e-05,2.678182136151008308e-05
2.702174162130596956e-05,2.650859823916107416e-05
2.676271796166801152e-05,2.624443004606291652e-05
2.650849873111254794e-05,2.598282662802375853e-05
2.625878633247898699e-05,2.572481753304600716e-05
2.601153576110029836e-05,2.547309850342571735e-05
2.576817334370272523e-05,2.522616705391556025e-05
2.552926049504140979e-05,2.498670073691755533e-05
2.529378757105568722e-05,2.475056862749624997e-05
2.506006571587558583e-05,2.451990076224319637e-05
2.483242204876800305e-05,2.429230335110332817e-05
2.460931168804027393e-05,2.406916973995976150e-05
2.438713017792719988e-05,2.384996696491725743e-05
2.416819292869685896e-05,2.363376916036941111e-05
2.395344555831495009e-05,2.342472362215630710e-05
2.374019635308053329e-05,2.322535510757006705e-05
2.353193025765694258e-05,2.302079883520491421e-05
2.332550446646144705e-05,2.282527566421777010e-05
2.312253697639859464e-05,2.263380883960053325e-05
2.292398099038669182e-05,2.243994458694942296e-05
2.272593785444489543e-05,2.226055585197173059e-05
2.253339231081041355e-05,2.207972283940762281e-05
2.233850073142280230e-05,2.191594285250175744e-05
2.214887974962318918e-05,2.175219924538396299e-05
2.196415299784768282e-05,2.158373899874277413e-05
2.177950401952936582e-05,2.142787343473173678e-05
2.159979715379916162e-05,2.125473474734462798e-05
2.141898521702573994e-05,2.109216438839212060e-05
2.123988358503900225e-05,2.093923831125721335e-05
2.106627741154508488e-05,2.078691068163607270e-05
2.089391436572604646e-05,2.063957981590647250e-05
2.072285548283849858e-05,2.048979149549268186e-05
2.055475496467223649e-05,2.034718272625468671e-05
2.038873074128880409e-05,2.020775718847289681e-05
2.022347424220545881e-05,2.006081740546505898e-05
2.006144402982429885e-05,1.992065517697483301e-05
1.990030093041311200e-05,1.977669671759940684e-05
1.974032956917280544e-05,1.964121111086569726e-05
1.958527603817809717e-05,1.950135992956347764e-05
1.942897614963630260e-05,1.936518128786701709e-05
1.927436647537643510e-05,1.922828596434555948e-05
1.912010830332851777e-05,1.910229912027716637e-05
1.896566089225159882e-05,1.897945730888750404e-05
1.881302169073397081e-05,1.884785888250917196e-05
1.866115006193397850e-05,1.871968015620950609e-05
1.851030831345176547e-05,1.859145049820654094e-05
1.836113582589276859e-05,1.848371357482392341e-05
1.821373493781627611e-05,1.837905256252270192e-05
1.806690478098551834e-05,1.826730476750526577e-05
1.792122458983869368e-05,1.816831354517489672e-05
1.777811236864251267e-05,1.808696288208011538e-05
1.763418564538509590e-05,1.801923281163908541e-05
1.749122671777187123e-05,1.795666503312531859e-05
1.734339188120569806e-05,1.793234150682110339e-05
1.719739267313203537e-05,1.801514736143872142e-05
1.705971486059682494e-05,1.811691254260949790e-05
1.691974868068567948e-05,1.815127325244247913e-05
1.677724137257778045e-05,1.820749093894846737e-05
1.663803754453487633e-05,1.821971272875089198e-05
1.649664424500467058e-05,1.830097608035430312e-05
1.635567855956674614e-05,1.844937105488497764e-05
1.621941443411345978e-05,1.859863550635054708e-05
1.608406042426698340e-05,1.868033541541080922e-05
1.594882284140252513e-05,1.878092734841629863e-05
1.581510341216366930e-05,1.881173193396534771e-05
1.568279848038983972e-05,1.879221235867589712e-05
1.555197738922195266e-05,1.878481634776107967e-05
1.542089446560660155e-05,1.876672831713221967e-05
1.528992943815701808e-05,1.883655750134494156e-05
1.515790269224499939e-05,1.900397182907909155e-05
1.502666923851136741e-05,1.913251981022767723e-05
1.490615455296415896e-05,1.902037911349907517e-05
1.478331258124690607e-05,1.882393007690552622e-05
1.466235353757675142e-05,1.863161196524742991e-05
1.454246983438422827e-05,1.842829078668728471e-05
1.442374533174491622e-05,1.821273326640948653e-05
1.430974653151049648e-05,1.798427365429233760e-05
1.419676253497014665e-05,1.775615419319365174e-05
1.408527956906861259e-05,1.751642594172153622e-05
1.397448941367120100e-05,1.730712028802372515e-05
1.386547973698981881e-05,1.709317803033627570e-05
1.375782699725301066e-05,1.686144605628214777e-05
1.365091242032343507e-05,1.661625174165237695e-05
1.354666043285900562e-05,1.635303488001227379e-05
1.344220043637715933e-05,1.611559309822041541e-05
1.334016012139890705e-05,1.589800194778945297e-05
1.323643415418747468e-05,1.565085403854027390e-05
1.313943938058424103e-05,1.540169068903196603e-05
1.304220219749251373e-05,1.515384610684122890e-05
1.294689147284654427e-05,1.498149140388704836e-05
1.283890782570569356e-05,1.475336102885194123e-05
1.275144773397840251e-05,1.460768362449016422e-05
1.264198656313872018e-05,1.436298407497815788e-05
1.253688754460222847e-05,1.414600592397619039e-05
1.245834969792597808e-05,1.392841477354522794e-05
1.235838700407699613e-05,1.371330472466070205e-05
1.226355718932982385e-05,1.343992153124418110e-05
1.215876511359499271e-05,1.315820554737001657e-05
1.206108550505655878e-05,1.303272165387170389e-05
1.197718498319889659e-05,1.345407690678257495e-05
1.190017376127518577e-05,1.321632498729741201e-05
1.183044714299541741e-05,1.350274487776914611e-05
1.171525052657857664e-05,1.263259855477372184e-05
1.166037744345279312e-05,1.313527354795951396e-05
1.158754320420904692e-05,1.319681177847087383e-05
1.149869151854195842e-05,1.302274267800385132e-05
1.142803767624382815e-05,1.297458311455557123e-05
1.135112582536142686e-05,1.290291947952937335e-05
1.127268867315787971e-05,1.279101525142323226e-05
1.120168626410024802e-05,1.271545079362113029e-05
1.112484352898508589e-05,1.260709177586250007e-05
1.105290024182837621e-05,1.251752291864249855e-05
1.097927110130023353e-05,1.241999598278198391e-05
1.090562809680798271e-05,1.232257636729627848e-05
1.082284401176226490e-05,1.212064489664044231e-05
1.070562653309864804e-05,1.128051735577173531e-05
1.066087298066775471e-05,1.104881812352687120e-05
1.060238418094974259e-05,1.096592495741788298e-05
1.053316440191291617e-05,1.083833012671675533e-05
1.045670491095780749e-05,1.062039882526732981e-05
1.039685042040871846e-05,1.045506724040023983e-05
1.030958131090861024e-05,1.036000685417093337e-05
1.040501135717838590e-05,1.139260712079703808e-05
1.020889110874962176e-05,1.201878330903127789e-05
1.016191514188390835e-05,1.174889803223777562e-05
1.004755980223611364e-05,1.071537371899466962e-05
1.000008627472244557e-05,1.012320444715442136e-05
1.010706453085638170e-05,1.092595630325376987e-05
9.886579184636409956e-06,1.166134188679279760e-05
9.826512668134968414e-06,1.088480439648265019e-05
9.745274243099489477e-06,9.835464879870414734e-06
9.873833219805816037e-06,1.065798460331279784e-05
9.643759292488632162e-06,1.131163844547700137e-05
9.561511377889986768e-06,9.762735317053738981e-06
9.699496832838169167e-06,1.046107990987366065e-05
9.453472959928778456e-06,1.064296884578652680e-05
9.414239686159420678e-06,9.447426236874889582e-06
9.427907094469936084e-06,9.944862540578469634e-06
9.319109628846397719e-06,9.282377504860050976e-06
9.290570795737716227e-06,9.469692486163694412e-06
9.383968039727709788e-06,1.017863178276456892e-05
9.120305028668204575e-06,9.587894965079613030e-06
9.148796457280603100e-06,9.466605661145877093e-06
9.141738134169430857e-06,9.932504326570779085e-06
8.996930429743653791e-06,8.834005711833015084e-06
9.035714894113110849e-06,8.676403012941591442e-06
8.929090702517547432e-06,9.008425877254921943e-06
8.911256933958775303e-06,9.284065527026541531e-06
8.913513690563726452e-06,9.802021850191522390e-06
8.752068985802161446e-06,8.606128176325000823e-06
9.009917396094981105e-06,9.296439202444162220e-06
8.547869400060266286e-06,8.768325642449781299e-06
8.665038643439169365e-06,8.698586498212534934e-06
8.643490243451733461e-06,8.677540790813509375e-06
8.587625658061044244e-06,8.517250535078346729e-06
8.619945318945936439e-06,9.539791790302842855e-06
8.452964482039067610e-06,8.332792276632972062e-06
8.686967394402390726e-06,9.010242138174362481e-06
8.251289512209506989e-06,8.405797416344285011e-06
8.376411403496138467e-06,8.300916306325234473e-06
8.613324344726910526e-06,8.316947059938684106e-06
8.089444390745296969e-06,8.442375474260188639e-06
8.263270727545601397e-06,8.562223229091614485e-06
8.245201497513147897e-06,8.867041287885513157e-06
8.149017773097837623e-06,8.119649464788381010e-06
8.134872422406493595e-06,8.121824066620320082e-06
8.057751118100826658e-06,7.723633643763605505e-06
8.145074483915474089e-06,7.974711479619145393e-06
8.245054000501393583e-06,8.545626769773662090e-06
7.822659990954260119e-06,8.094503755273763090e-06
7.984315567309517039e-06,8.345683454535901546e-06
7.941417952504427395e-06,8.570041245548054576e-06
7.841576262261440203e-06,7.822820407454855740e-06
8.192159765048227248e-06,7.465029739250894636e-06
7.588984741547532385e-06,8.480432370561175048e-06
7.730026565101210499e-06,7.709681995038408786e-06
8.093641949285367433e-06,7.354372428380884230e-06
7.477969843304704219e-06,8.372227057407144457e-06
7.635697656018563127e-06,7.657483365619555116e-06
7.984584734015534227e-06,7.235682915052166209e-06
7.386577044016097738e-06,8.298657121486030519e-06
7.520807036470590924e-06,7.519849532400257885e-06
7.949031901087157186e-06,7.173647190938936546e-06
7.200398211073032125e-06,7.557067874586209655e-06
7.434361679933760581e-06,7.457734682247973979e-06
7.794617902280338913e-06,7.075938810885418206e-06
7.218744093652509062e-06,8.327646355610340834e-06
7.301362130326593608e-06,7.312291927519254386e-06
7.743464961479800025e-06,6.923471119080204517e-06
7.069843833599010402e-06,7.722218470007646829e-06
7.256137773007746525e-06,7.205007023003417999e-06
7.655973518420722027e-06,6.767792910977732390e-06
6.933433464604231615e-06,7.317635663639521226e-06
7.172828104966099997e-06,7.120408099581254646e-06
7.543413279365314356e-06,6.758587460353737697e-06
6.893898339163010836e-06,7.468316653103101999e-06
7.258387231792230539e-06,8.296416126540862024e-06
7.002868293954797112e-06,7.110949809430167079e-06
7.426733026395828372e-06,6.617779035877902061e-06
6.745842017316578688e-06,7.258949153765570372e-06
6.983327844012913347e-06,6.902844688738696277e-06
7.324064023204977249e-06,6.533716259582433850e-06
6.715575950285057846e-06,7.389189704554155469e-06
6.842018037262348111e-06,6.788762220821809024e-06
7.563954600533552382e-06,6.508768819912802428e-06
6.387895006390373936e-06,7.584456398035399616e-06
6.739165203912423762e-06,6.621975444431882352e-06
6.881630309425628169e-06,6.842499260528711602e-06
7.342296318058334709e-06,6.272240170801524073e-06
6.284606302077195331e-06,6.680636488454183564e-06
7.427838187805508838e-06,6.333151759463362396e-06
6.230797078515957742e-06,7.727104275545570999e-06
6.735932966141543128e-06,7.580866622447501868e-06
6.733678015408282568e-06,7.827649824321269989e-06
6.618139033994689247e-06,6.668286914646159858e-06
7.011432801508094607e-06,6.099341590015683323e-06
6.262036188276490948e-06,6.507354555651545525e-06
7.225948046687755749e-06,6.156568815640639514e-06
6.059189002208325280e-06,7.396164619422052056e-06
6.437724942852350043e-06,6.267694516282062978e-06
6.482063283258937185e-06,6.221825060492847115e-06
6.535489997251996082e-06,6.444799510063603520e-06
7.135834740286857616e-06,6.028492862242273986e-06
5.939835961481338942e-06,7.274815743585349992e-06
6.423456164693328876e-06,7.878094038460403681e-06
6.402357434044693972e-06,6.496980404335772619e-06
6.801161605497513855e-06,5.823992978548631072e-06
5.949904634806630392e-06,6.267385288083460182e-06
7.084121179081520493e-06,5.835110641783103347e-06
5.786531384425567901e-06,6.995061085035558790e-06
6.200315343180707727e-06,6.235023647604975849e-06
7.052515709113858959e-06,5.766915819549467415e-06
5.719797277729062468e-06,6.883571586513426155e-06
6.133979721968129515e-06,6.289371413004118949e-06
6.970152670559260524e-06,5.697585038433317095e-06
5.657078715487911718e-06,6.815185770392417908e-06
6.097133360200155926e-06,6.379365004249848425e-06
6.860946745618070076e-06,5.640004928864073008e-06
5.601458498497380794e-06,6.767300874344073236e-06
5.961701422398991797e-06,5.804745342175010592e-06
6.371230508415092101e-06,6.270217454584781080e-06
5.823393770207565496e-06,5.841435267939232290e-06
6.368596917838704957e-06,5.970747679384658113e-06
5.841531458664133413e-06,5.950181730440817773e-06
6.731926411691510142e-06,5.500682163983583450e-06
5.457496084860535111e-06,6.524837772303726524e-06
5.803171763300969374e-06,5.683656581823015586e-06
6.248485037875257157e-06,6.128411769168451428e-06
5.671545700818406628e-06,5.693908860848750919e-06
6.201594862303840295e-06,5.979250090604182333e-06
5.642736033596753285e-06,5.437978416011901572e-06
6.267021415869049619e-06,5.479408173414412886e-06
5.598747618361626329e-06,5.591176886809989810e-06
6.631715180924985363e-06,5.331859938451088965e-06
5.286080206354736203e-06,6.255684183997800574e-06
5.607303525068392464e-06,5.462908120534848422e-06
6.106153088799496776e-06,5.993195827613817528e-06
5.534566960308532516e-06,5.525681444851215929e-06
5.757655427574858540e-06,5.430792043625842780e-06
5.820473620296513229e-06,5.742650500906165689e-06
6.562021859770959025e-06,5.223510925134178251e-06
5.166420706723912191e-06,6.030032182025024667e-06
5.471591229695312935e-06,5.418587988970102742e-06
5.781773945902667018e-06,5.778118975285906345e-06
6.112342624384416951e-06,5.091681032354244962e-06
5.188769094752970888e-06,5.485842848429456353e-06
6.219630321515395734e-06,5.084372787678148597e-06
5.086196532981072757e-06,5.474822501128073782e-06
5.823642563649254937e-06,5.724258699046913534e-06
5.292363709941128036e-06,5.223320840741507709e-06
5.874605513338629832e-06,5.738017080147983506e-06
5.277985680188579870e-06,5.280978712107753381e-06
5.820040394738522059e-06,5.618030627374537289e-06
5.242305037019179511e-06,5.245331522019114345e-06
5.613025007569843172e-06,5.755881375080207363e-06
5.745564610839583127e-06,5.111714926897548139e-06
5.193797077341654576e-06,5.128907559992512688e-06
6.056709301342029927e-06,4.901156898995395750e-06
4.912108771839904847e-06,5.220680577622260898e-06
5.805412903998493706e-06,4.964721938449656591e-06
5.078846264985679198e-06,5.173103090783115476e-06
5.899442694265953817e-06,4.853232894674874842e-06
4.944674069170455344e-06,5.286941359372576699e-06
5.861477205097542534e-06,4.844799150305334479e-06
4.927220202670212526e-06,5.363867330743232742e-06
5.844261866700551776e-06,4.785552846442442387e-06
4.880671116762431680e-06,5.359585429687285796e-06
5.786460178569541313e-06,4.777867616212461144e-06
4.881430591479166621e-06,5.373252406570827588e-06
5.741483945689068604e-06,4.758448085340205580e-06
4.865403894153785583e-06,5.334098204912152141e-06
5.710707413095989070e-06,4.735918537335237488e-06
4.841589559535536872e-06,5.307193532644305378e-06
5.683335104596410023e-06,4.711140263680135831e-06
4.814802462778271533e-06,5.276721822156105191e-06
5.654233770877535774e-06,4.687503860623110086e-06
4.791719950739766342e-06,5.242978659225627780e-06
5.627135744991672235e-06,4.663678282668115571e-06
4.766784649326347761e-06,5.224718734098132700e-06
5.597543358467541997e-06,4.642372914531733841e-06
4.745215543759210938e-06,5.198183316679205745e-06
5.572590065383291386e-06,4.616467322193784639e-06
4.718074583601824112e-06,5.168096777197206393e-06
5.546625123414718496e-06,4.592516688717296347e-06
4.693329591039703721e-06,5.134880211699055508e-06
5.516867530238811008e-06,4.568460099108051509e-06
4.672879035693674295e-06,5.109589437779504806e-06
5.490489406576251014e-06,4.548036031337687746e-06
4.650156596105658530e-06,5.086956662125885487e-06
5.468856774115966818e-06,4.527292276179650798e-06
4.623592149189976234e-06,5.068859536550007761e-06
5.442232433184612082e-06,4.502885531110223383e-06
4.601794172341938057e-06,5.034803507442120463e-06
5.416125131246073566e-06,4.482064468902535737e-06
4.580357848628689661e-06,5.020308435632614419e-06
5.395085125679216618e-06,4.461559910851065069e-06
4.554416441293048620e-06,5.001766112400218844e-06
5.366256954467201456e-06,4.440292286744806916e-06
4.536450027887603058e-06,4.970464033249299973e-06
5.339198074020364426e-06,4.417940544954035431e-06
4.515885159697483658e-06,4.942005944030825049e-06
5.325030024585850668e-06,4.396400527184596285e-06
4.487042260209888804e-06,4.942580744682345539e-06
5.288319130887686700e-06,4.378003268357133493e-06
4.476726656886780794e-06,4.901557076664175838e-06
5.284611611445237004e-06,4.352416908659506589e-06
4.437823229444313227e-06,4.914853889204096049e-06
5.238400525979905948e-06,4.341222847870085388e-06
4.439820381426566176e-06,4.883678229816723615e-06
5.250491949773743716e-06,4.307317794882692397e-06
4.384166849091249815e-06,4.882871508016251028e-06
5.185246488409598874e-06,4.314386387704871595e-06
4.409294309682128205e-06,4.854795406572520733e-06
5.194319161552275562e-06,4.283417638362152502e-06
4.357050251440178696e-06,4.846550837100949138e-06
5.161230664276818077e-06,4.257469754520570859e-06
4.345380519091635512e-06,4.785647433891426772e-06
5.154887263030944273e-06,4.229505520925158635e-06
4.309849340590797491e-06,4.787075340573210269e-06
5.109036425647690536e-06,4.225201337249018252e-06
4.316762641565219383e-06,4.775428806169657037e-06
5.111056204954459618e-06,4.199972863716538996e-06
4.271993186823518025e-06,4.756109319714596495e-06
5.074504869275514464e-06,4.183817054581595585e-06
4.272603529915823841e-06,4.752984295919304714e-06
5.070312836207262982e-06,4.159899162914371118e-06
4.230210764834014307e-06,4.700333192886319011e-06
5.041251550863261382e-06,4.144067588640609756e-06
4.228047807157800859e-06,4.719563094113254920e-06
5.019241024811914008e-06,4.118389369978103787e-06
4.200746960309632426e-06,4.663676008931361139e-06
5.001354696496025110e-06,4.101890226593241096e-06
4.183757406887404593e-06,4.650052687793504447e-06
4.984130417649514148e-06,4.082637587998760864e-06
4.162334568182137471e-06,4.628805982065387070e-06
4.964685890976957150e-06,4.064859240315854549e-06
4.143498194672736674e-06,4.607652954291552305e-06
4.947324386287222303e-06,4.047270522278267890e-06
4.122941904737532250e-06,4.580570475809508935e-06
4.932779040846304295e-06,4.030666332255350426e-06
4.100900989319948143e-06,4.557316060527227819e-06
4.915647448109293675e-06,4.019374500785488635e-06
4.083115790547545627e-06,4.543775503407232463e-06
4.891530756787267848e-06,4.019360403617611155e-06
4.074217479490891463e-06,4.564926712191663682e-06
4.877120029679925191e-06,3.977442247560247779e-06
4.042723072818542258e-06,4.471438842301722616e-06
4.393855097835815307e-06,3.936786015401594341e-06
4.797019483814251536e-06,3.927990746888099238e-06
4.089532872524451674e-06,4.701353645941708237e-06
4.265546624246314434e-06,3.981273039244115353e-06
5.101758491631559091e-06,3.847308107651770115e-06
3.921895822072539873e-06,3.906698111677542329e-06
4.857022635936421487e-06,3.847453626804053783e-06
3.915990202603307793e-06,4.042439286422450095e-06
4.342040711709416431e-06,3.971346359321614727e-06
4.435270665517703481e-06,4.637697202269919217e-06
4.560038664253741457e-06,3.895802819897653535e-06
3.986940489889652805e-06,3.804543439400731586e-06
4.197220059373089474e-06,3.783131887757917866e-06
4.444058114417296538e-06,4.760600859299302101e-06
4.417213848484653699e-06,3.963902599934954196e-06
4.457898560653679875e-06,3.839650617010192946e-06
3.943772068664540699e-06,3.749211828107945621e-06
4.154439504844002823e-06,3.754846829906455241e-06
4.659493799571907414e-06,3.846380877803312615e-06
4.003421245886037499e-06,3.814971023530233651e-06
4.071315469189311426e-06,3.750133146240841597e-06
4.643695838706499641e-06,3.806501354119973257e-06
3.963274640484133687e-06,4.045249625050928444e-06
4.062122397312916279e-06,3.700043180288048461e-06
4.607069736441469994e-06,3.782028670684667304e-06
4.048393285471226618e-06,4.421603080118075013e-06
4.386341817490364534e-06,3.736018925337702967e-06
3.976331191925288320e-06,4.056988927914062515e-06
4.051564999576256922e-06,4.014819751319009811e-06
4.616063400146977953e-06,3.708988515427336097e-06
4.047842617037298598e-06,3.849874246952822432e-06
4.271760939918050084e-06,3.728528099600225687e-06
4.088368976559090673e-06,3.843438207695726305e-06
4.254468053980021075e-06,3.665665190055733547e-06
3.918442840172130660e-06,3.968314103985903785e-06
3.798209913605741819e-06,4.750192601932212710e-06
4.389803802513807554e-06,3.810141834037494846e-06
3.847340414390250795e-06,3.877863491652533412e-06
4.335071282231439912e-06,3.697766942423186265e-06
4.187201153189772398e-06,4.955691110808402300e-06
4.312032718900855816e-06,3.613250555645208806e-06
3.806672521314351786e-06,3.968342298321658745e-06
4.226896523872570479e-06,6.101633516664151102e-06
3.830095545108400958e-06,3.610987278079846874e-06
4.846352761835358232e-06,3.522248334775213152e-06
3.556604639243232668e-06,3.556941919669043273e-06
4.566672573994368583e-06,3.518810899549862370e-06
3.588167964917141495e-06,3.782213752856478095e-06
3.881755572930883310e-06,3.586159891710849479e-06
4.012198402483008065e-06,3.774342076212633401e-06
4.271740490133734040e-06,3.942713192373048514e-06
4.127794941502006639e-06,3.753500095626804978e-06
3.977176043270866983e-06,3.586111233744304627e-06
4.029157756745823490e-06,3.701893547258805484e-06
4.000953020102735507e-06,3.625410499807912856e-06
4.081811120397852361e-06,3.496109002298908308e-06
3.888006576656922344e-06,3.554422164597781375e-06
4.111575599643821959e-06,3.469822331680916250e-06
3.690096233500438747e-06,3.482107331365114078e-06
3.821704647558969534e-06,3.461439519014675170e-06
3.872328215073559448e-06,3.460425887169549242e-06
4.053580394652155506e-06,3.697434749483363703e-06
3.962393829846032515e-06,4.637128768081311136e-06
3.871718602200557133e-06,3.396148713363800198e-06
3.988506988842998905e-06,4.891847311228048056e-06
4.177538736864032196e-06,3.407852318559889682e-06
3.631223285229003972e-06,4.381651706353295594e-06
3.604958117456100356e-06,4.014453679701546207e-06
4.075391008958225050e-06,3.345880941196810454e-06
4.359669275526101043e-06,3.361684775882167742e-06
3.495666089310571792e-06,3.626256102506886236e-06
3.719603127522602331e-06,3.373455683686188422e-06
3.814901635206087136e-06,3.658178684418089688e-06
3.845102279106308718e-06,3.340077455504797399e-06
3.974191523289287010e-06,4.424429789651185274e-06
3.940956618500935299e-06,7.035168891889043152e-06
4.086712256897347309e-06,3.327551667098305188e-06
3.441197402655514009e-06,3.279050815763184801e-06
3.854463320370389759e-06,3.335765086376341060e-06
3.952231955905424029e-06,3.703456059156451374e-06
3.969393223822127785e-06,3.335076371513423510e-06
3.769367846364100399e-06,3.445292804826749489e-06
3.894581920185840306e-06,3.319727056805277243e-06
3.680928298075368290e-06,3.482719648673082702e-06
3.672616425995865499e-06,3.478868620732100680e-06
3.586501596449428224e-06,3.451097654760815203e-06
4.341869798852899302e-06,3.250504960305988789e-06
3.378196959001564670e-06,3.497927536955103278e-06
4.017716269671813302e-06,3.384434421604964882e-06
3.749692306579769603e-06,3.352404519318952225e-06
3.747280178692026751e-06,3.361577228133683093e-06
3.784127546151256880e-06,3.323519194964319468e-06
3.723303201205943421e-06,3.334972461743745953e-06
3.839896824805085110e-06,3.242837692596367560e-06
3.562383024193247832e-06,3.974188985012006015e-06
3.572350711541124373e-06,3.396950887690763921e-06
3.727212123440273439e-06,3.215063316019950435e-06
4.169881688580855540e-06,4.449379957804922014e-06
3.395761657050873954e-06,3.718033894983818755e-06
3.713908682083199889e-06,4.550817266135709360e-06
3.620654611361318536e-06,3.333466793264960870e-06
3.643312951249427899e-06,3.242188540752977133e-06
3.530138392248679789e-06,3.300978733022930101e-06
3.792214122983913966e-06,3.129682681901613250e-06
3.810056375787331939e-06,3.304020992800360546e-06
3.289383558105841082e-06,3.949174697481794283e-06
4.237166444034721252e-06,3.180146904924185947e-06
3.362452398884367095e-06,3.318496510473778471e-06
4.068679396450301257e-06,3.130124696326674893e-06
3.269188607209099231e-06,3.458192168181994930e-06
4.002552496255399980e-06,3.812681370618520305e-06
3.454486198087089636e-06,3.623037628130987287e-06
3.570021504355025169e-06,3.612393356888787821e-06
3.358107715001050124e-06,3.334384700792725198e-06
4.118579637289981284e-06,3.127059699181700125e-06
3.555012452165894489e-06,3.255990577599732205e-06
3.610615574591345206e-06,3.176684458594536409e-06
3.642113166681435826e-06,3.170353238601819612e-06
3.629877176226961177e-06,3.125978764728643000e-06
3.557186140130560943e-06,3.176298378093633801e-06
3.677622322001274815e-06,3.078646386711625382e-06
3.466323895450748292e-06,3.269291482865810394e-06
3.403763697517019856e-06,3.180611884090467356e-06
3.543507329613231363e-06,3.095227839366998523e-06
3.552205234824120903e-06,3.240885234845336527e-06
3.391560722157476437e-06,3.174779976689023897e-06
3.923779756539657676e-06,3.145529717585304752e-06
3.540602492444705605e-06,3.132623078272445127e-06
3.560520577995982888e-06,3.104286861344007775e-06
3.522249457797116522e-06,3.127312311335117556e-06
3.605519841206235913e-06,3.032884251297218725e-06
3.466476837041763717e-06,3.094380645052297041e-06
3.604502300282920699e-06,3.026836566277779639e-06
3.475286262481602531e-06,3.100008598266867921e-06
3.597996584112012908e-06,3.005215603479882702e-06
3.420302476797587587e-06,3.080431270063854754e-06
3.370050194462237414e-06,3.324966883155866526e-06
3.312365524339045818e-06,3.088636958636925556e-06
3.821151593158971986e-06,3.134000053250929341e-06
3.381284188482170069e-06,3.674353592941770330e-06
3.271230512452278167e-06,3.194134023942751810e-06
4.197238800211030163e-06,2.908232090703677386e-06
2.958187538163259894e-06,3.095608462899690494e-06
3.561467400604903099e-06,2.926866045527276583e-06
4.104481180961673103e-06,2.934101985374582000e-06
2.885937167553866387e-06,3.096927684964612126e-06
3.924380505483126389e-06,2.923168722190894186e-06
3.035480303354303937e-06,3.283259502495639026e-06
3.565526679512214272e-06,3.098700972259393893e-06
3.498826278048046775e-06,3.012395154655678198e-06
3.557570520430230308e-06,2.918965265052975155e-06
3.194511493394458742e-06,3.175068741256836802e-06
3.144009056290414263e-06,3.154643536618095823e-06
3.852272642053578241e-06,3.010733962582889944e-06
3.414754949004325222e-06,2.984232651215279475e-06
3.431619201312339567e-06,2.956066964543424547e-06
3.386977866535417890e-06,2.991593646584078670e-06
3.466565647596115937e-06,2.904983603002619930e-06
3.350067160203579077e-06,2.968336048070341349e-06
3.455546609150891062e-06,2.907571342802839354e-06
3.352221137348374677e-06,2.969711431433097459e-06
3.454057743003711506e-06,2.882736907849903218e-06
3.326936544057482483e-06,2.946402219095034525e-06
3.424688351025487006e-06,2.920018687291303650e-06
3.353499024045119763e-06,2.960653546324465424e-06
3.417826696669670580e-06,2.881768978113541380e-06
3.321016621180789117e-06,2.934405074483947828e-06
3.420426737968740787e-06,2.869652007575496100e-06
3.315380072949781619e-06,2.930273012680117972e-06
3.413834626360021047e-06,2.851498265954433009e-06
3.297931874029904511e-06,2.914960532507393509e-06
3.392916019388044781e-06,2.867506736947689205e-06
3.305979439515701866e-06,2.920503447967348620e-06
3.395408231636582983e-06,2.832330437740893103e-06
3.276348048932329687e-06,2.891275471483822912e-06
3.359876516767074468e-06,2.890458517867955379e-06
3.335929807672772782e-06,2.867509010684443638e-06
3.295227824578316346e-06,2.896589649026282132e-06
3.372484957690875504e-06,2.809253601299133152e-06
3.255604274097724998e-06,2.869822310458403081e-06
3.334382569164517918e-06,2.873336143238702789e-06
3.323081217879520415e-06,2.833208782249130309e-06
3.266800782797965898e-06,2.869463969545904547e-06
3.343981548234809458e-06,2.800043148454278708e-06
3.246442674527572311e-06,2.854905687854625285e-06
3.324497562755660057e-06,2.816403139149770141e-06
3.254346222839115387e-06,2.859177811842528172e-06
3.326708469313206493e-06,2.778059297270374373e-06
3.224133993812873099e-06,2.831486199283972383e-06
3.291422678021496262e-06,2.837866759364260361e-06
3.293746996673573436e-06,2.783277068374445662e-06
3.223551799144330283e-06,2.825854608090594411e-06
3.290763759312726514e-06,2.792647819660487585e-06
3.231736965785668859e-06,2.827644266290008090e-06
3.288224594400209285e-06,2.758291429927339777e-06
3.203373670984523860e-06,2.803953975671902299e-06
3.263322144110320559e-06,2.802433755277888849e-06
3.255502364050372309e-06,2.765038061625091359e-06
3.202557825086562377e-06,2.798708692353102379e-06
3.263680502513102047e-06,2.756245521595701575e-06
3.199426941317795351e-06,2.796036142171942629e-06
3.261406235220093551e-06,2.728025265241740271e-06
3.175778064774138342e-06,2.774866061372449622e-06
3.227119618597312175e-06,2.782287538138916716e-06
3.245879423292745727e-06,2.714119091251632199e-06
3.161899023313871566e-06,2.762767053354764357e-06
3.206395115867986087e-06,2.770560058706905693e-06
3.226705869926659937e-06,2.732705524977063760e-06
3.179426469976020592e-06,2.759093604254303500e-06
3.204401902843155328e-06,2.729189418460009620e-06
3.165323293457661753e-06,2.751567990344483405e-06
3.208120600762553285e-06,2.715371010708622634e-06
3.158187479648870965e-06,2.744085804806672968e-06
3.203174221274215132e-06,2.696755473152734339e-06
3.140360052775110500e-06,2.732183929765596986e-06
3.181488767431334975e-06,2.724681962718022987e-06
3.183209269052848426e-06,2.686956122488481924e-06
3.129179577562797033e-06,2.719798885664204136e-06
3.165375536932165680e-06,2.718409859880921431e-06
3.179005572152304002e-06,2.670239155122544616e-06
3.114732668890587311e-06,2.707504336285637692e-06
3.146630827079486620e-06,2.706797658902360126e-06
3.150111875053577488e-06,2.702840902202297002e-06
3.161500134095918848e-06,2.658010316736181267e-06
3.102399525016899589e-06,2.693856004043482244e-06
3.133301368198096037e-06,2.693003352760570124e-06
3.140618381335932550e-06,2.675280484254471958e-06
3.128355113328022081e-06,2.663949999259784818e-06
3.103644300422158254e-06,2.680410261746146716e-06
3.127601170641961754e-06,2.661538246684358455e-06
3.107872722023621919e-06,2.664970452315174043e-06
3.109297973097478016e-06,2.659850906638894230e-06
3.104221847776828331e-06,2.656471224327106029e-06
3.101499254981741169e-06,2.651642944329068996e-06
3.096570015970475183e-06,2.648819190653739497e-06
3.094133736188572119e-06,2.644261257955804467e-06
3.091800924546707835e-06,2.638484602357493713e-06
3.084024255847394664e-06,2.638961632328573614e-06
3.085207398411372206e-06,2.632795030876877718e-06
3.078946543283587298e-06,2.628769379953155294e-06
3.075974063904141076e-06,2.626267360028577968e-06
3.073012312626862226e-06,2.621942940095323138e-06
3.067345751799457958e-06,2.620369514261255972e-06
3.067686363395366238e-06,2.613420974739710800e-06
3.059438797984115815e-06,2.613440983623149805e-06
3.059948218501281637e-06,2.607209353300277144e-06
3.054481205767026499e-06,2.605788722576107830e-06
3.051072723518444033e-06,2.601766027510166168e-06
3.048081476336870319e-06,2.598672153908410110e-06
3.044640021990301637e-06,2.594131501609808765e-06
3.041801040837573496e-06,2.590499889265629463e-06
3.035977395408432596e-06,2.587909420981304720e-06
3.034334709512292643e-06,2.583524292276706547e-06
3.030605695241133609e-06,2.581136186563526280e-06
3.027170379983801471e-06,2.577083250798750669e-06
3.022606055316291971e-06,2.573933443272835575e-06
3.017311389641737592e-06,2.571870481915539131e-06
3.009106476471200940e-06,2.562063400546321645e-06
2.942915695933688327e-06,2.598353376015438698e-06
2.707599752336766402e-06,2.464890258124796674e-06
2.923003499506357456e-06,2.850454620784148574e-06
2.984536024541739607e-06,2.457991740811849013e-06
3.059723985060349596e-06,2.435775968478992581e-06
2.868358558170933526e-06,2.612735443108249456e-06
3.246869709254240658e-06,3.156112597935134545e-06
2.716016110636514887e-06,2.586927621450740844e-06
3.119557947118851197e-06,2.463222699589096010e-06
2.987288167898254861e-06,2.578763314886600710e-06
3.208379536381938112e-06,2.447810402372851968e-06
2.909542918890414047e-06,2.493309239071095362e-06
2.621733775990483529e-06,2.417712266833405010e-06
3.108651366090224215e-06,2.459743654981139116e-06
3.539844057671031801e-06,2.393540853518061340e-06
2.340179779098551093e-06,2.378773388045374304e-06
2.952830947413950983e-06,2.406523890385869890e-06
3.192571122886315159e-06,2.520536327210720628e-06
2.481846632480693174e-06,2.690728706511436030e-06
3.723257211236275920e-06,2.361975930398330092e-06
2.342988187237073808e-06,2.394081320744589902e-06
3.189540059804876820e-06,2.661037342477357015e-06
2.932805943764366941e-06,2.513093477318761870e-06
2.921384911576005378e-06,2.967077762150438502e-06
2.792630932063753343e-06,2.390073859714902937e-06
2.848660281383439275e-06,2.350371914872084744e-06
3.115008598505925886e-06,5.333303306542802602e-06
2.935651448792552388e-06,2.482841864548390731e-06
2.702979616541457299e-06,2.395371666352730244e-06
2.810735611984245239e-06,2.449462726872297935e-06
2.908034022725703848e-06,2.346036808376084082e-06
3.292504465490217167e-06,2.376264092163182795e-06
2.715708813656629886e-06,2.909456043198588304e-06
3.267699665270694810e-06,2.336467105124029331e-06
2.368049808573675375e-06,2.356729510211152956e-06
2.976426437055870793e-06,2.301186896147555672e-06
3.113150672089222113e-06,2.370124548178864643e-06
2.541408090832985168e-06,2.331186578885535710e-06
3.458879841279947426e-06,2.303478595422348008e-06
2.343640132059987075e-06,2.336582156203803606e-06
3.079839913402210185e-06,2.503799805708695203e-06
3.503018301642394831e-06,2.322297859791433439e-06
2.264129467113353242e-06,2.319208306289510801e-06
2.730205655628500143e-06,2.751663942035520449e-06
3.150463350301344237e-06,2.508862962713465095e-06
3.252747727599806708e-06,2.280355602124473080e-06
2.282100383537838757e-06,2.326759158677305095e-06
3.767648437885257413e-06,2.330054485355503857e-06
2.254013722335912462e-06,2.700258619370288216e-06
2.857753384269483820e-06,3.987413947470486164e-06
2.663412102376055365e-06,2.300342885064310394e-06
2.894612761722853060e-06,2.363704652452724986e-06
2.583834823865753165e-06,2.925314220192376524e-06
3.016284915192138673e-06,2.265566990899969824e-06
2.783942506586101448e-06,2.372245035076048225e-06
3.108318074177637293e-06,2.332486474188044667e-06
2.522984253699014972e-06,2.628162292239721864e-06
2.856360542689519649e-06,2.242393975393497385e-06
2.775094705644056825e-06,2.579140073066810146e-06
2.613559168378579216e-06,4.172457465756451711e-06
3.856185233603471728e-06,2.278599367855349556e-06
2.211092991571534190e-06,2.627836238389136270e-06
2.647023394822612324e-06,2.406558451184537262e-06
2.753944736847794512e-06,2.252864987895009108e-06
3.090331832986054917e-06,2.440426669636508450e-06
2.948218582405505016e-06,2.297868832101812586e-06
2.782479236738930473e-06,2.337108981009805575e-06
2.644143095791990168e-06,2.750758312686230056e-06
2.807266711740269789e-06,2.288027644681278616e-06
2.627536192953345573e-06,2.624475655466085300e-06
3.502918001794195804e-06,2.229156962130218744e-06
2.177101892587602387e-06,2.260808287246618420e-06
2.609259523795187301e-06,2.297720129718072712e-06
2.925579026716663072e-06,2.387985659879632294e-06
3.397734354338447251e-06,2.212862682426930405e-06
2.170935255790960136e-06,2.232486167486058548e-06
3.327520693993882103e-06,2.201398956458433531e-06
2.192186843858624356e-06,2.260693236166844144e-06
3.058880180581068992e-06,2.266316641907906160e-06
2.516865211969860880e-06,2.531322024879045784e-06
2.774716994972200602e-06,2.373651113884989172e-06
3.118752008737292711e-06,2.245481937279691920e-06
2.425269010167050058e-06,2.239273044324363582e-06
2.938218108065134849e-06,2.374468067500856705e-06
2.736335640444546253e-06,2.214846745118848048e-06
2.321425173754038963e-06,2.581402213763794862e-06
2.916316384690057483e-06,2.155760284949792549e-06
3.203931176661475082e-06,2.171322648791829124e-06
2.328867856030788509e-06,2.156886012016911991e-06
2.788636471415464709e-06,2.188031885452801362e-06
3.056753543298840675e-06,2.183479409723076969e-06
2.438342740345270159e-06,2.182537173212040216e-06
2.912212620706155570e-06,2.303274868609150872e-06
2.435795423139097693e-06,2.467408648954005912e-06
2.901126435243639204e-06,2.337405476282583550e-06
2.969661235779196419e-06,2.167640104744350538e-06
2.386214035254852206e-06,2.415220478724222630e-06
3.585752930727418526e-06,2.132976533175678924e-06
2.093799124462491815e-06,2.420200416963780299e-06
2.638857744421749433e-06,2.671660240594064817e-06
3.134928982936239216e-06,2.166434342143475078e-06
2.202908168905756149e-06,2.162500550184631720e-06
2.688635026751958769e-06,2.181475110774044879e-06
2.981984521327901343e-06,2.226211790912202559e-06
2.615576560261755721e-06,2.347886038478463888e-06
2.752526271274874490e-06,2.341002982575446367e-06
2.484766255861359241e-06,2.150280806745286100e-06
3.761711927661683591e-06,3.346753146615810692e-06
2.275376296450140672e-06,2.105821749864844605e-06
2.345247356407899573e-06,2.155911261070286855e-06
3.162079144439863278e-06,2.101298832712927833e-06
2.110928232850594200e-06,2.187530753872124478e-06
2.717723945649525381e-06,2.101368636431288905e-06
2.938432645694961146e-06,2.147853365386254154e-06
2.238306027726512624e-06,2.583738023531623185e-06
3.170619328839982241e-06,2.194047283410327509e-06
2.512210867732205762e-06,2.524457613617414609e-06
3.422858912271154632e-06,2.122444129781797528e-06
2.060990530740361004e-06,2.376032625761581585e-06
3.243034100455005499e-06,2.100578285535448231e-06
2.052706058281891727e-06,2.113427854055771604e-06
3.233284438590836090e-06,2.077322960758465342e-06
2.065427200393106873e-06,2.172503172914730385e-06
2.789756209882654733e-06,2.113394657499156892e-06
3.351876991622213157e-06,2.117681106028612703e-06
2.045586825989887078e-06,2.349085207242751494e-06
3.284391777122973069e-06,2.082768332911655307e-06
2.027127469006747092e-06,2.099911171171697788e-06
3.116766207948528969e-06,2.073594259854871780e-06
2.094833700556801872e-06,2.153750756406225264e-06
2.712583626618699313e-06,2.128849700966384262e-06
3.429983529383953738e-06,2.091251644742442295e-06
2.026051057249298085e-06,2.404243332421174273e-06
2.433729514304780883e-06,2.439276158838765696e-06
2.897975632593513178e-06,2.110921968778711744e-06
2.588304516994191084e-06,2.186464371334295720e-06
2.546272252146035057e-06,2.180621549996430986e-06
2.618809139821911680e-06,3.011655280715785921e-06
2.600524550116344459e-06,2.093444209094741382e-06
2.592748027533767992e-06,3.143743015243671834e-06
2.774968022797507722e-06,2.130757593477028422e-06
2.599339035797152528e-06,2.112345100613310933e-06
2.327199081556057524e-06,2.021955879172310233e-06
2.376820845029214979e-06,2.516618224035482854e-06
3.001600315035200322e-06,2.079189243886503391e-06
2.764391186797883180e-06,2.122205160048906691e-06
2.494456276590193289e-06,2.038181719399290159e-06
2.339020482348785660e-06,2.489849975972902030e-06
2.632964480379740050e-06,2.283354433529893868e-06
2.947883029873875772e-06,2.031841404459555633e-06
2.261811591808556373e-06,2.027560867645661347e-06
3.377749353151743898e-06,2.042629148490959778e-06
1.974035119299235236e-06,2.299271272931946442e-06
2.480303382121280276e-06,2.061607574432855472e-06
2.662599162051311837e-06,3.046982328669400886e-06
2.597284311269877874e-06,2.074219992209691554e-06
2.437383113391871106e-06,2.180948285968042910e-06
3.308741975743965222e-06,2.022885382757522166e-06
1.955977916022442065e-06,2.056001449091127142e-06
3.077251648893508903e-06,1.995295633605564944e-06
1.978309845695455347e-06,2.066974957415368408e-06
2.663473498734138487e-06,1.992614215851062909e-06
3.302811876437772298e-06,2.008314368140418082e-06
1.945586337097455740e-06,2.232570977866998874e-06
2.374578026722072094e-06,2.193902219005394727e-06
2.518991990996255481e-06,2.098792492688517086e-06
2.823791315146687804e-06,2.008445108003797941e-06
2.244804387411628806e-06,2.237466560472967103e-06
2.660715257463426938e-06,2.086745098495157436e-06
3.546909384547292581e-06,1.966315039680921473e-06
1.909896598616656784e-06,2.064549562419415452e-06
2.615361569342101588e-06,2.064795125988894142e-06
2.375833646102621063e-06,2.456748006807174534e-06
2.825213765224641532e-06,2.020879492192761973e-06
2.273889450794997177e-06,3.355732815180090256e-06
2.824405559665184669e-06,2.054566721199080348e-06
2.205599810094892733e-06,2.093196144414832816e-06
3.294855786952538436e-06,1.969487357200705446e-06
1.913554615457658669e-06,2.202407131335348822e-06
2.654907307741128544e-06,2.125969785993220285e-06
2.319514894184183517e-06,2.013841367443092167e-06
2.375369857733088783e-06,1.960139343282207847e-06
3.123984521234654954e-06,1.936767830557073466e-06
1.943646145864710428e-06,2.046325562332640402e-06
2.831849802585286386e-06,2.092986051138723269e-06
2.422926448785708540e-06,2.379069428570801392e-06
2.780729842627876674e-06,1.956218738996540196e-06
2.135981720476966514e-06,1.955101652129087597e-06
2.875922477621828882e-06,1.986672032217029482e-06
2.210260289049214397e-06,1.949086708918912336e-06
2.812050457470295881e-06,2.030828454735456035e-06
2.216625991498707198e-06,1.955195330083370209e-06
2.711590451116745484e-06,1.966300715139368549e-06
2.120787178373808723e-06,1.969541699509136379e-06
2.710006421434394275e-06,2.331310497538652271e-06
2.267707030111337182e-06,2.142957328032935038e-06
2.584065222995727261e-06,1.899497192425769754e-06
2.674892949145055818e-06,1.931272208821610548e-06
2.558966842186167019e-06,1.970736548173590563e-06
2.254338573365179846e-06,1.996957507799379528e-06
3.230073575038589302e-06,1.928374331328086555e-06
1.864008319639418465e-06,1.987274799830629490e-06
3.075435649599547557e-06,1.911482286232057959e-06
1.860006666476739385e-06,1.927309540405985899e-06
2.966120389257225717e-06,1.905219733089325018e-06
1.950893717114409804e-06,2.038350658040144481e-06
